{
  "version": "2020.2",
  "applications": [],
  "platforms": [
    {
      "name": "TP2_HW"
    },
    {
      "name": "TP3_HW"
    }
  ],
  "systems": [
    {
      "name": "TP3_SW_system",
      "platform": "C:/Users/Nono/Downloads/project_2/project_2/workspace/TP3_HW/export/TP3_HW/TP3_HW.xpfm",
      "sysConfig": "TP3_HW",
      "buildConfig": "Debug",
      "applications": [
        {
          "name": "TP3_SW",
          "platform": "C:/Users/Nono/Downloads/project_2/project_2/workspace/TP3_HW/export/TP3_HW/TP3_HW.xpfm",
          "platformPath": "C:\\Users\\Nono\\Downloads\\project_2\\project_2\\workspace\\TP3_HW\\export\\TP3_HW",
          "sysConfig": "TP3_HW",
          "domain": "standalone_domain",
          "system": "TP3_SW_system"
        }
      ],
      "platformPath": "C:\\Users\\Nono\\Downloads\\project_2\\project_2\\workspace\\TP3_HW\\export\\TP3_HW"
    }
  ],
  "others": []
}