{
  "version": "2020.2",
  "applications": [],
  "platforms": [
    {
      "name": "TP2_HW"
    }
  ],
  "systems": [
    {
      "name": "TP2_1_SW_system",
      "platform": "C:/Users/stewa/workspace/TP2_HW/export/TP2_HW/TP2_HW.xpfm",
      "sysConfig": "TP2_HW",
      "buildConfig": "Debug",
      "applications": [
        {
          "name": "TP2_1_SW",
          "platform": "C:/Users/stewa/workspace/TP2_HW/export/TP2_HW/TP2_HW.xpfm",
          "platformPath": "C:\\Users\\stewa\\workspace\\TP2_HW\\export\\TP2_HW",
          "sysConfig": "TP2_HW",
          "domain": "standalone_domain",
          "system": "TP2_1_SW_system"
        }
      ],
      "platformPath": "C:\\Users\\stewa\\workspace\\TP2_HW\\export\\TP2_HW"
    }
  ],
  "others": []
}